Actual,Predicted,Error,Abs_Error,Pct_Error
17.549999237060547,16.947780993203143,0.6022182438574042,0.6022182438574042,3.4314431341153147
19.600000381469723,16.0786295281254,3.5213708533443224,3.5213708533443224,17.96617747351426
20.559999465942383,16.867769440433477,3.6922300255089056,3.6922300255089056,17.958317711170572
21.479999542236328,18.311044719805725,3.168954822430603,3.168954822430603,14.753048835962296
22.389999389648438,20.481972217880056,1.9080271717683814,1.9080271717683814,8.521783045025536
20.950000762939457,22.296898064845035,-1.346897301905578,1.346897301905578,-6.429103832245385
19.889999389648438,21.724546769189946,-1.8345473795415081,1.8345473795415081,-9.22346624352478
18.85000038146973,20.483418410050167,-1.6334180285804365,1.6334180285804365,-8.665347456364769
16.399999618530273,19.032772443746754,-2.632772825216481,2.632772825216481,-16.053493210095716
16.65999984741211,16.945893131410223,-0.28589328399811365,0.28589328399811365,-1.7160461381548153
15.52000045776367,16.487250981266797,-0.967250523503127,0.967250523503127,-6.2322841171004795
17.219999313354492,16.089198559323815,1.1308007540306768,1.1308007540306768,6.566787451342787
20.44000053405762,16.952160376528354,3.4878401575292663,3.4878401575292663,17.063796802342264
18.760000228881836,18.632293839342076,0.12770638953976032,0.12770638953976032,0.6807376758085045
20.969999313354492,18.869566003347487,2.1004333100070056,2.1004333100070056,10.016372812513016
19.43000030517578,20.243332524242824,-0.8133322190670427,0.8133322190670427,-4.1859609176145325
17.32999992370605,19.782905672385734,-2.452905748679683,2.452905748679683,-14.154101324168527
18.32999992370606,18.028617068874432,0.3013828548316262,0.3013828548316262,1.644205434184699
16.85000038146973,17.576512315270904,-0.7265119338011736,0.7265119338011736,-4.311643426430618
17.290000915527344,16.664670256515674,0.6253306590116701,0.6253306590116701,3.6167184840926745
18.54999923706055,16.687990479989512,1.8620087570710382,1.8620087570710382,10.037783469828831
17.229999542236328,17.39942290440169,-0.1694233621653609,0.1694233621653609,-0.9833045076411593
16.95999908447266,17.137387949978418,-0.17738886550575828,0.17738886550575828,-1.0459249709993357
15.340000152587887,17.020635000918006,-1.6806348483301186,1.6806348483301186,-10.955898511165218
14.689999580383299,16.099969532011148,-1.4099699516278488,1.4099699516278488,-9.598161959859356
15.800000190734862,15.380665542926062,0.4193346478087996,0.4193346478087996,2.6540167262447114
15.449999809265135,15.203440544511615,0.24655926475351997,0.24655926475351997,1.5958528660023805
15.289999961853026,15.285358987193089,0.004640974659936958,0.004640974659936958,0.03035300635392879
14.300000190734865,15.390758007674425,-1.0907578169395595,1.0907578169395595,-7.627676939796644
14.560000419616701,15.135412848711159,-0.5754124290944578,0.5754124290944578,-3.9520083276866123
13.6899995803833,14.988793044686162,-1.298793464302861,1.298793464302861,-9.487169496805029
13.84000015258789,14.656205921341957,-0.8162057687540667,0.8162057687540667,-5.897440460659586
13.909999847412111,14.363371289380595,-0.4533714419684838,0.4533714419684838,-3.259320251199221
13.340000152587892,14.219746316285557,-0.8797461636976642,0.8797461636976642,-6.594798752884556
13.03999996185303,14.12441616850006,-1.084416206647031,1.084416206647031,-8.316075228676088
13.859999656677244,13.817664268038842,0.042335388638402804,0.042335388638402804,0.30545014204244336
14.229999542236328,13.830236740477092,0.39976280175923584,0.39976280175923584,2.809295956564808
14.03999996185303,14.019413679805067,0.020586282047961646,0.020586282047961646,0.14662594091093306
15.199999809265138,14.088323574022416,1.1116762352427223,1.1116762352427223,7.313659534160663
15.060000419616697,14.733819432809698,0.3261809868069996,0.3261809868069996,2.165876346073179
16.690000534057617,14.9029722472797,1.7870282867779164,1.7870282867779164,10.707179326515336
16.870000839233395,15.87663971630769,0.9933611229257053,0.9933611229257053,5.888328829335408
15.420000076293947,16.437224715400315,-1.0172246391063684,1.0172246391063684,-6.596787510203754
16.0,15.700731455465263,0.29926854453473695,0.29926854453473695,1.870428403342106
15.609999656677246,15.665804083796822,-0.05580442711957545,0.05580442711957545,-0.35749153329228206
15.659999847412111,15.137155352342946,0.5228444950691653,0.5228444950691653,3.3387260546849102
13.97000026702881,15.262713797806743,-1.2927135307779327,1.2927135307779327,-9.253496822250753
14.06999969482422,14.820510897756904,-0.7505112029326835,0.7505112029326835,-5.334123803917111
13.02000045776367,14.736372960473854,-1.7163725027101844,1.7163725027101844,-13.182584042742734
13.409999847412108,14.156998309011124,-0.7469984615990164,0.7469984615990164,-5.570458389998967
13.619999885559084,13.904327795386376,-0.28432790982729195,0.28432790982729195,-2.0875764479907013
15.439999580383303,13.838966081007252,1.6010334993760509,1.6010334993760509,10.369388231138183
15.800000190734862,14.226407627424216,1.5735925633106458,1.5735925633106458,9.959446483003223
15.069999694824217,14.725506339677235,0.344493355146982,0.344493355146982,2.2859546259002115
14.510000228881834,14.884890607585575,-0.374890378703741,0.374890378703741,-2.583669006135024
15.289999961853026,14.47759449337893,0.8124054684740951,0.8124054684740951,5.313312429698908
15.109999656677244,14.817867800133069,0.2921318565441755,0.2921318565441755,1.933367724565631
14.670000076293942,15.252246655755528,-0.5822465794615859,0.5822465794615859,-3.968960984550164
14.739999771118162,15.151515771973894,-0.41151600085573214,0.41151600085573214,-2.7918317994961197
14.77999973297119,14.78972005865063,-0.009720325679440478,0.009720325679440478,-0.06576675138739277
13.979999542236326,14.68334670518372,-0.7033471629473933,0.7033471629473933,-5.031095750915036
13.090000152587892,14.42731329551318,-1.3373131429252876,1.3373131429252876,-10.216295854365601
12.579999923706055,14.044988434653376,-1.4649885109473217,1.4649885109473217,-11.645377741113194
13.939999580383303,13.671878907331257,0.2681206730520458,0.2681206730520458,1.923390825845874
13.670000076293944,13.643119496131003,0.02688058016294015,0.02688058016294015,0.19663921004327975
12.840000152587892,13.642938840413732,-0.80293868782584,0.80293868782584,-6.2534164975380335
12.600000381469725,13.505848831705563,-0.9058484502358386,0.9058484502358386,-7.189273196912207
13.890000343322752,13.407021444676557,0.4829788986461949,0.4829788986461949,3.477169810714758
13.300000190734862,13.635214109156752,-0.33521391842189097,0.33521391842189097,-2.520405365523303
13.250000000000002,13.515524213147042,-0.26552421314704056,0.26552421314704056,-2.0039563256380415
12.710000038146973,13.458494192593879,-0.7484941544469059,0.7484941544469059,-5.889017719908922
12.47999954223633,13.317126446136932,-0.837126903900602,0.837126903900602,-6.707747873447394
12.289999961853027,13.152542603746424,-0.8625426418933966,0.8625426418933966,-7.0182477182314535
13.119999885559084,12.99229455644867,0.1277053291104142,0.1277053291104142,0.9733637974416209
12.409999847412108,13.003397245724344,-0.593397398312236,0.593397398312236,-4.78160681392739
13.390000343322752,12.962947075726547,0.42705326759620554,0.42705326759620554,3.1893447098316616
14.550000190734862,13.058146562157447,1.4918536285774149,1.4918536285774149,10.253289409077784
12.699999809265135,13.366231492882116,-0.6662316836169815,0.6662316836169815,-5.245918847423447
12.850000381469728,13.218845384819435,-0.3688450033497066,0.3688450033497066,-2.8703890459147186
14.310000419616697,13.013461398489403,1.2965390211272947,1.2965390211272947,9.060370252330316
15.149999618530272,13.197412889091547,1.9525867294387247,1.9525867294387247,12.888361574943383
15.13000011444092,13.552580985754858,1.5774191286860617,1.5774191286860617,10.425770765067506
12.859999656677248,13.890235911764165,-1.0302362550869173,1.0302362550869173,-8.011168604907324
13.850000381469723,13.543085356899123,0.3069150245705998,0.3069150245705998,2.2159928961534865
13.859999656677244,13.512463852827207,0.3475358038500378,0.3475358038500378,2.5074733943633807
13.760000228881834,13.595778878338292,0.16422135054354214,0.16422135054354214,1.1934690974702629
12.739999771118166,13.585777363945397,-0.8457775928272309,0.8457775928272309,-6.638756734867654
12.380000114440916,13.299412935129835,-0.9194128206889189,0.9194128206889189,-7.426597836751634
12.72999954223633,13.118771035801787,-0.38877149356545715,0.38877149356545715,-3.053978849532308
12.850000381469728,12.98691618146602,-0.13691579999629155,0.13691579999629155,-1.065492575344435
12.880000114440922,12.956788234907096,-0.07678812046617445,0.07678812046617445,-0.5961810542228211
12.109999656677244,12.974531799744138,-0.864532143066894,0.864532143066894,-7.138993951913168
12.130000114440916,12.884864145318794,-0.7548640308778776,0.7548640308778776,-6.223116436571196
14.060000419616701,12.782008064077507,1.2779923555391939,1.2779923555391939,9.08956129016982
13.27000045776367,13.028530304942626,0.24147015282104434,0.24147015282104434,1.8196695138753458
13.310000419616701,13.03426021166362,0.2757402079530813,0.2757402079530813,2.0716769290757244
13.84000015258789,13.113937593579001,0.7260625590088896,0.7260625590088896,5.246116698005425
13.97000026702881,13.3246182690156,0.6453819980132103,0.6453819980132103,4.619770835197503
14.239999771118164,13.416114818134261,0.823884952983903,0.823884952983903,5.7857090324883425
13.659999847412108,13.53218275058657,0.1278170968255381,0.1278170968255381,0.9357035011223159
14.710000038146974,13.498197742485738,1.2118022956612364,1.2118022956612364,8.237948963417459
14.21000003814697,13.766512480020282,0.44348755812668905,0.44348755812668905,3.1209539545118905
15.289999961853026,13.983750176943284,1.3062497849097419,1.3062497849097419,8.543164082202095
14.470000267028812,14.411388782887025,0.058611484141787074,0.058611484141787074,0.4050551697316729
13.220000267028807,14.45543537741845,-1.235435110389643,1.235435110389643,-9.345197317967278
12.850000381469728,13.765912522885735,-0.9159121414160065,0.9159121414160065,-7.127720733275561
13.779999732971193,13.441330320070051,0.33866941290114205,0.33866941290114205,2.4576880948031734
15.390000343322757,13.446001666701868,1.9439986766208897,1.9439986766208897,12.631570066626608
14.810000419616697,13.755586132289961,1.0544142873267361,1.0544142873267361,7.11961011108483
14.499999999999996,14.053744910175046,0.44625508982495,0.44625508982495,3.077621309137587
13.189999580383303,14.302705018993,-1.112705438609698,1.112705438609698,-8.435977816591883
13.960000038146969,13.829960512310848,0.13003952583612133,0.13003952583612133,0.931515225506995
12.739999771118166,13.73097181560232,-0.9909720444841543,0.9909720444841543,-7.778430630200699
12.109999656677244,13.415755236224653,-1.3057555795474087,1.3057555795474087,-10.782457609959037
13.260000228881836,13.140343754672934,0.11965647420890235,0.11965647420890235,0.9023866677488928
14.01000022888184,13.088050713166963,0.9219495157148767,0.9219495157148767,6.580653109585702
14.020000457763674,13.169784837141131,0.8502156206225422,0.8502156206225422,6.064305227263594
18.85000038146973,13.326230217751153,5.523770163718577,5.523770163718577,29.30381990415583
18.22999954223633,14.977840373940404,3.252159168295927,3.252159168295927,17.839600932304656
16.09000015258789,17.1103154070729,-1.0203152544850091,1.0203152544850091,-6.341300464940662
16.790000915527344,17.457682285140145,-0.6676813696128008,0.6676813696128008,-3.976660709978467
17.010000228881832,16.583628677620258,0.42637155126157467,0.42637155126157467,2.5065934481154475
16.09000015258789,15.97767379370836,0.11232635887953002,0.11232635887953002,0.6981128515493744
19.659999847412113,15.388351180969485,4.271648666442628,4.271648666442628,21.727612917580537
19.96999931335449,16.730543352572695,3.239455960781793,3.239455960781793,16.221612780003852
16.82999992370606,18.185456217476112,-1.3554562937700538,1.3554562937700538,-8.053810457009051
13.899999618530275,17.65717960837775,-3.757179989847474,3.757179989847474,-27.030072611215957
13.369999885559084,15.62615737993192,-2.256157494372836,2.256157494372836,-16.874775719405267
13.22999954223633,14.331016194794776,-1.101016652558446,1.101016652558446,-8.322121622479935
12.109999656677244,13.778991018993192,-1.668991362315948,1.668991362315948,-13.781927412324038
11.949999809265135,13.37987887113676,-1.4298790618716257,1.4298790618716257,-11.965515353088161
12.250000000000002,13.144295328420208,-0.8942953284202062,0.8942953284202062,-7.30037002792005
12.220000267028809,12.994042832284533,-0.7740425652557246,0.7740425652557246,-6.334227073171142
12.119999885559084,12.989165675791792,-0.8691657902327083,0.8691657902327083,-7.171334970624173
12.640000343322756,13.007477638813452,-0.36747729549069597,0.36747729549069597,-2.9072570056125087
13.739999771118162,13.091092779711602,0.6489069914065606,0.6489069914065606,4.722758385852233
15.600000381469723,13.403330370487398,2.1966700109823254,2.1966700109823254,14.081217674786817
13.4399995803833,14.126502800793677,-0.6865032204103763,0.6865032204103763,-5.107911025625178
12.500000000000002,13.980495869084415,-1.4804958690844128,1.4804958690844128,-11.8439669526753
12.130000114440916,13.438012747615792,-1.3080126331748758,1.3080126331748758,-10.783286239360134
12.119999885559084,13.088276753626738,-0.9682768680676546,0.9682768680676546,-7.989083145300614
12.5600004196167,12.832215767981516,-0.2722153483648171,0.2722153483648171,-2.1673195801782024
13.000000000000002,12.752534679038828,0.24746532096117413,0.24746532096117413,1.9035793920090316
12.510000228881838,12.77799808596429,-0.2679978570824524,0.2679978570824524,-2.1422690022317163
13.770000457763674,12.654134207773234,1.1158662499904395,1.1158662499904395,8.10360357948501
13.390000343322752,12.781616806627468,0.6083835366952837,0.6083835366952837,4.543566251651882
12.229999542236328,12.942970792827278,-0.7129712505909502,0.7129712505909502,-5.829691555823061
13.710000038146973,12.70423786317151,1.0057621749754624,1.0057621749754624,7.335974997644129
13.609999656677246,12.878431076533948,0.7315685801432981,0.7315685801432981,5.375228498146073
13.489999771118164,13.121859248770367,0.36814052234779737,0.36814052234779737,2.7289883513265827
12.829999923706055,13.31047886831617,-0.4804789446101161,0.4804789446101161,-3.7449645165027063
13.02000045776367,13.276621409599292,-0.2566209518356217,0.2566209518356217,-1.970974983204411
13.789999961853027,13.197373982646745,0.5926259792062822,0.5926259792062822,4.297505299823426
15.249999999999998,13.284566599099097,1.965433400900901,1.965433400900901,12.888087874760007
19.13999938964844,13.713291998944502,5.426707390703939,5.426707390703939,28.352704094854285
28.030000686645508,15.946847099540719,12.083153587104789,12.083153587104789,43.10793182699291
40.740001678466804,22.07895940913675,18.661042269330054,18.661042269330054,45.805207414101254
36.02000045776367,29.369832826077047,6.6501676316866245,6.6501676316866245,18.46243072507586
30.31999969482421,34.668035864550866,-4.3480361697266545,4.3480361697266545,-14.340488830772937
26.100000381469727,33.66322520331171,-7.563224821841985,7.563224821841985,-28.97787245708879
26.04999923706055,28.642153870898124,-2.5921546338375734,2.5921546338375734,-9.950689864703692
28.43000030517578,25.861223785910482,2.568776519265299,2.568776519265299,9.035443164584294
31.399999618530273,26.269459877645616,5.130539740884657,5.130539740884657,16.33929873635075
26.090000152587887,30.588501767668465,-4.498501615080578,4.498501615080578,-17.24224449509774
25.610000610351562,31.514991598529445,-5.904990988177882,5.904990988177882,-23.057363715138237
27.79999923706054,31.769557140000696,-3.9695579029401564,3.9695579029401564,-14.278985654245224
24.899999618530277,32.85219739649955,-7.952197777969271,7.952197777969271,-31.936537750190734
26.229999542236325,29.333104025087927,-3.1031044828516023,3.1031044828516023,-11.830364228008817
24.3700008392334,28.08805938774603,-3.71805854851263,3.71805854851263,-15.256702587087755
23.200000762939453,25.855566131821313,-2.6555653688818595,2.6555653688818595,-11.446402075658371
24.250000000000004,24.027128091229773,0.22287190877023022,0.22287190877023022,0.9190594176091967
22.540000915527347,23.262971449507052,-0.722970533979705,0.722970533979705,-3.2075000204710076
21.35000038146973,22.003838426862465,-0.6538380453927353,0.6538380453927353,-3.0624732258094935
21.139999389648438,20.88271075449485,0.25728863515358924,0.25728863515358924,1.2170702108892917
22.280000686645504,20.55129269788608,1.7287079887594246,1.7287079887594246,7.759012277749172
20.139999389648438,21.656738603697036,-1.5167392140485987,1.5167392140485987,-7.53097944396251
22.440000534057617,21.237895737995153,1.2021047960624642,1.2021047960624642,5.3569731169926085
22.1299991607666,22.12080175484623,0.009197405920371438,0.009197405920371438,0.041560805554286484
23.46999931335449,22.244915326107193,1.2250839872472952,1.2250839872472952,5.219787060454745
23.620000839233395,22.54718111348696,1.0728197257464345,1.0728197257464345,4.541996984032511
27.62999916076661,22.67726280100355,4.952736359763058,4.952736359763058,17.925213572918697
26.82999992370606,25.142253494559508,1.68774642914655,1.68774642914655,6.290519694170091
24.500000000000004,26.275480502690538,-1.7754805026905345,1.7754805026905345,-7.246859194655242
22.549999237060547,24.872224691302396,-2.322225454241849,2.322225454241849,-10.29811766212972
20.940000534057617,23.911404572643136,-2.9714040385855185,2.9714040385855185,-14.190085782245868
19.540000915527344,22.273743894951025,-2.733742979423681,2.733742979423681,-13.990495656790522
19.399999618530273,19.87920336554686,-0.4792037470165873,0.4792037470165873,-2.4701224558729726
18.399999618530277,19.473934608841226,-1.0739349903109492,1.0739349903109492,-5.836603329216433
17.420000076293945,18.77902344602328,-1.3590233697293357,1.3590233697293357,-7.80151184717138
17.07999992370606,17.790877029275656,-0.7108771055695975,0.7108771055695975,-4.162043962207171
16.17000007629395,17.267488529977108,-1.0974884536831588,1.0974884536831588,-6.787188920871641
17.67000007629395,16.76618519115574,0.9038148851382104,0.9038148851382104,5.114968201674019
18.03000068664551,16.843690250292173,1.186310436353338,1.186310436353338,6.579647205626656
16.04999923706055,17.19675334033875,-1.146754103278198,1.146754103278198,-7.144885718313707
15.050000190734867,16.356368610364772,-1.306368419629905,1.306368419629905,-8.680188724742582
14.979999542236332,15.682035181795293,-0.7020356395589609,0.7020356395589609,-4.686486388598083
15.75,15.402232468962714,0.3477675310372863,0.3477675310372863,2.208047816109754
16.700000762939457,15.39187307900994,1.3081276839295164,1.3081276839295164,7.833099545914426
14.449999809265135,15.654924356084495,-1.2049245468193597,1.2049245468193597,-8.33857828874696
14.46000003814697,15.093999962820726,-0.6339999246737555,0.6339999246737555,-4.384508457822949
15.289999961853026,14.501128081493384,0.7888718803596415,0.7888718803596415,5.159397529939801
15.430000305175785,14.58305800820647,0.8469422969693152,0.8469422969693152,5.488932470631384
14.329999923706055,14.931352770377986,-0.6013528466719311,0.6013528466719311,-4.196460920262224
14.609999656677246,14.597360745943174,0.012638910734072084,0.012638910734072084,0.08650863128730937
15.069999694824217,14.560710643405265,0.5092890514189516,0.5092890514189516,3.3794894607321506
14.149999618530272,14.773567201056684,-0.6235675825264124,0.6235675825264124,-4.406838157859831
14.539999961853027,14.415620945223202,0.12437901662982576,0.12437901662982576,0.8554265265209428
15.510000228881838,14.265606599251655,1.2443936296301832,1.2443936296301832,8.023169640661541
15.050000190734867,14.54978947105351,0.5002107196813572,0.5002107196813572,3.323659224863656
14.329999923706055,14.917667909739158,-0.5876679860331038,0.5876679860331038,-4.100962939022263
16.520000457763672,15.041596443287943,1.4784040144757284,1.4784040144757284,8.949176595094729
15.289999961853026,15.624598489264118,-0.3345985274110923,0.3345985274110923,-2.1883487785865348
16.05999946594238,15.692479990496293,0.36751947544608576,0.36751947544608576,2.2884152407692513
18.370000839233402,15.681132542261295,2.6888682969721067,2.6888682969721067,14.637279118841434
20.079999923706055,16.66800393257169,3.411995991134365,3.411995991134365,16.992011972600803
18.15999984741211,18.47310444559789,-0.31310459818578096,0.31310459818578096,-1.7241442776245393
18.840000152587894,18.215462033548683,0.6245381190392116,0.6245381190392116,3.3149581421496115
16.85000038146973,18.196536611622765,-1.3465362301530348,1.3465362301530348,-7.991312757677125
16.989999771118164,17.024916517581904,-0.034916746463739656,0.034916746463739656,-0.20551351932973969
15.470000267028809,16.72225103938934,-1.252250772360533,1.252250772360533,-8.094704271139888
15.619999885559082,16.110120791847972,-0.49012090628889027,0.49012090628889027,-3.1377779121625613
15.930000305175783,15.79615052113768,0.13384978403810344,0.13384978403810344,0.8402371718386885
15.189999580383297,15.613911169156948,-0.42391158877365065,0.42391158877365065,-2.790728113785464
15.119999885559086,15.446135176982672,-0.32613529142358644,0.32613529142358644,-2.1569794569580254
16.129999160766598,15.284814875027797,0.8451842857388012,0.8451842857388012,5.239828454514519
14.670000076293942,15.453254446150192,-0.78325436985625,0.78325436985625,-5.339157230966574
15.909999847412111,15.096794678133389,0.8132051692787226,0.8132051692787226,5.111283325442626
18.11000061035156,15.410179881641298,2.699820728710261,2.699820728710261,14.907899711317848
14.810000419616697,16.50899724740711,-1.6989968277904115,1.6989968277904115,-11.471956648562903
15.840000152587889,15.795496840787544,0.04450331180034439,0.04450331180034439,0.2809552485583378
17.600000381469727,15.860676330992586,1.7393240504771406,1.7393240504771406,9.88252279987675
19.61000061035156,16.46618544116558,3.1438151691859773,3.1438151691859773,16.031693377543533
19.34000015258789,17.58371625169918,1.756283900888711,1.756283900888711,9.081095589617677
24.389999389648434,18.191017245471865,6.1989821441765685,6.1989821441765685,25.416081587962363
22.72999954223633,20.98812719450743,1.7418723477289006,1.7418723477289006,7.6633188860923465
20.950000762939457,22.287179494161844,-1.3371787312223873,1.3371787312223873,-6.382714475065108
17.860000610351562,21.656956209604882,-3.7969555992533195,3.7969555992533195,-21.259549101317635
18.940000534057617,19.14309149432842,-0.20309096027080287,0.20309096027080287,-1.072285926843602
20.700000762939457,18.856516656470465,1.843484106468992,1.843484106468992,8.90571999286831
18.70000076293945,20.322557722833565,-1.6225569598941156,1.6225569598941156,-8.67677483259667
16.600000381469727,19.84943788570603,-3.2494375042363046,3.2494375042363046,-19.574924274481294
15.569999694824219,18.077052999779884,-2.507053304955665,2.507053304955665,-16.101819872154913
15.739999771118164,15.996949877778254,-0.2569501066600903,0.2569501066600903,-1.6324657585546882
16.90999984741211,15.316139016949846,1.5938608304622637,1.5938608304622637,9.425552009725102
16.07999992370605,15.546234715898215,0.5337652078078357,0.5337652078078357,3.3194353876888307
17.290000915527344,15.43695029717131,1.8530506183560345,1.8530506183560345,10.717469752658578
18.209999084472656,16.09898430200403,2.111014782468626,2.111014782468626,11.592613336640147
20.700000762939457,17.55830380312596,3.1416969598134976,3.1416969598134976,15.17727943971036
19.34000015258789,20.107888079344274,-0.7678879267563836,0.7678879267563836,-3.9704649467318247
20.590000152587894,20.701580455427102,-0.11158030283920795,0.11158030283920795,-0.5419150170583352
24.989999771118164,21.26458337986221,3.725416391255955,3.725416391255955,14.907628753008439
27.010000228881836,23.045017827277874,3.9649824016039616,3.9649824016039616,14.679682961883872
24.299999237060543,24.44474382835064,-0.14474459129009531,0.14474459129009531,-0.5956567729818759
22.469999313354492,24.632551990256648,-2.1625526769021555,2.1625526769021555,-9.624177761398041
25.21999931335449,23.406599849446625,1.8133994639078637,1.8133994639078637,7.190323208881424
23.95000076293945,24.76666555905727,-0.81666479611782,0.81666479611782,-3.409873779133811
27.020000457763672,24.032732810657414,2.9872676471062576,2.9872676471062576,11.055764605836357
26.04999923706055,26.489324191019012,-0.4393249539584616,0.4393249539584616,-1.6864682027838498
27.590000152587887,27.41203489037094,0.1779652622169472,0.1779652622169472,0.6450353796038468
26.690000534057617,28.881503417311066,-2.191502883253449,2.191502883253449,-8.210951065576017
22.340000152587887,28.1321999717384,-5.792199819150515,5.792199819150515,-25.92748334641144
24.14999961853027,24.833955650478924,-0.6839560319486537,0.6839560319486537,-2.8321161190572233
22.499999999999996,24.344932814531123,-1.844932814531127,1.844932814531127,-8.199701397916122
23.11000061035156,22.71532151815869,0.39467909219287023,0.39467909219287023,1.707828134007419
22.42000007629394,22.837842474042578,-0.4178423977486361,0.4178423977486361,-1.863703819476998
20.200000762939453,22.357865669838045,-2.157864906898592,2.157864906898592,-10.682499135631641
19.97999954223633,20.059034066060295,-0.07903452382396381,0.07903452382396381,-0.39556819637002655
21.979999542236325,19.676430214228247,2.303569328008077,2.303569328008077,10.48029743395392
21.649999618530273,21.095042796591017,0.5549568219392569,0.5549568219392569,2.563311001004676
21.84000015258789,21.644970392670125,0.19502975991776594,0.19502975991776594,0.8929933999778671
23.379999160766605,21.66242580571447,1.717573355052135,1.717573355052135,7.346336256223449
26.000000000000004,22.808741596087025,3.191258403912979,3.191258403912979,12.274070784280687
26.540000915527344,24.385450663830373,2.1545502516969712,2.1545502516969712,8.118124255362938
26.290000915527344,25.297427011300865,0.9925739042264787,0.9925739042264787,3.775480675773758
28.139999389648434,25.60884487493141,2.5311545147170236,2.5311545147170236,8.994863431475883
25.399999618530277,27.078959318228154,-1.6789596996978773,1.6789596996978773,-6.6100776571390645
24.11000061035156,26.00285227219799,-1.8928516618464322,1.8928516618464322,-7.850898440183954
22.309999465942383,24.40556519019196,-2.095565724249578,2.095565724249578,-9.392943856626223
21.639999389648434,22.93604840890908,-1.2960490192606464,1.2960490192606464,-5.989136117446546
20.530000686645508,22.909238414483074,-2.379237727837566,2.379237727837566,-11.589077682716438
19.379999160766598,22.66510764029818,-3.2851084795315835,3.2851084795315835,-16.95102488023863
20.979999542236325,20.7966479620608,0.18335158017552544,0.18335158017552544,0.8739351009346181
20.71999931335449,20.841440717926076,-0.1214414045715877,0.1214414045715877,-0.5861071843439497
19.11000061035156,20.480574429801994,-1.3705738194504349,1.3705738194504349,-7.172023943882129
19.809999465942386,19.396042706178932,0.4139567597634546,0.4139567597634546,2.089635390829437
20.549999237060547,19.132227155439658,1.417772081620889,1.417772081620889,6.899134473270598
17.70000076293945,19.608884263115442,-1.9088835001759925,1.9088835001759925,-10.784652078506369
17.090000152587894,18.119957164233895,-1.029957011646001,1.029957011646001,-6.026664730544414
16.700000762939457,17.25580040042849,-0.5557996374890344,0.5557996374890344,-3.3281413898043746
16.860000610351566,16.72773118958901,0.13226942076255455,0.13226942076255455,0.784516108981306
17.350000381469727,16.418101558126526,0.9318988233432002,0.9318988233432002,5.371174656217838
18.67000007629395,16.5193796201294,2.1506204561645497,2.1506204561645497,11.519123981661249
18.34000015258789,17.622758394777644,0.7172417578102461,0.7172417578102461,3.9108056261877335
18.04999923706055,17.975095154962805,0.07490408209774557,0.07490408209774557,0.4149810817939055
16.499999999999996,18.06912135631409,-1.569121356314092,1.569121356314092,-9.50982640190359
16.92000007629395,16.680659707886534,0.23934036840741513,0.23934036840741513,1.414541178062682
16.840000152587894,16.386088780116857,0.45391137247103686,0.45391137247103686,2.6954356790862724
14.989999771118164,16.570438526615398,-1.5804387554972337,1.5804387554972337,-10.543287389118769
14.4399995803833,16.01623564251121,-1.576236062127908,1.576236062127908,-10.915762520306581
14.020000457763674,15.235583775652138,-1.2155833178884645,1.2155833178884645,-8.670351485012446
13.789999961853027,14.654217450275741,-0.8642174884227138,0.8642174884227138,-6.266986880445103
14.170000076293944,14.360853465789631,-0.19085338949568786,0.19085338949568786,-1.3468834754276453
14.939999580383303,14.295448516053701,0.6445510643296011,0.6445510643296011,4.314264273313081
14.739999771118162,14.533098164256403,0.2069016068617593,0.2069016068617593,1.4036744238433863
15.239999771118166,14.754575400374659,0.4854243707435071,0.4854243707435071,3.185199330930773
13.81999969482422,14.928784894521048,-1.1087851996968272,1.1087851996968272,-8.02304793184679
13.5600004196167,14.62367581762426,-1.063675398007561,1.063675398007561,-7.844213606872646
13.94999980926514,14.219679942502204,-0.2696801332370633,0.2696801332370633,-1.9331909456941385
13.100000381469725,14.126009310280763,-1.026008928811038,1.026008928811038,-7.832128999494939
14.119999885559082,13.922680077753677,0.19731980780540503,0.19731980780540503,1.3974490751038144
15.420000076293947,13.983455767291039,1.4365443090029082,1.4365443090029082,9.316110907232682
14.090000152587889,14.56819771193285,-0.4781975593449612,0.4781975593449612,-3.393879021762334
16.15999984741211,14.493308026627194,1.6666918207849157,1.6666918207849157,10.31368710719278
15.35999965667725,15.154040427823839,0.2059592288534109,0.2059592288534109,1.3408804261520733
16.260000228881836,15.289449648468047,0.9705505804137893,0.9705505804137893,5.968945674981285
14.85000038146973,15.45378898867312,-0.6037886072033896,0.6037886072033896,-4.065916442378108
13.84000015258789,15.08305823388364,-1.2430580812957501,1.2430580812957501,-8.981633436350181
13.72000026702881,14.43772754119393,-0.7177272741651191,0.7177272741651191,-5.23124825215874
13.619999885559084,14.163231471377376,-0.5432315858182921,0.5432315858182921,-3.988484510886566
13.350000381469725,14.065451279360392,-0.7154508978906673,0.7154508978906673,-5.359182602599312
13.239999771118166,13.876331145252045,-0.6363313741338796,0.6363313741338796,-4.806128286512343
13.279999732971193,13.735600071835174,-0.4556003388639809,0.4556003388639809,-3.430725512236493
13.94999980926514,13.645381749547743,0.30461805971739686,0.30461805971739686,2.183642034999021
13.220000267028807,13.709332376409462,-0.48933210938065486,0.48933210938065486,-3.7014530975545292
14.079999923706053,13.699577823741295,0.3804220999647576,0.3804220999647576,2.7018615200718354
13.960000038146969,13.776088614488208,0.18391142365876156,0.18391142365876156,1.3174170713195335
13.770000457763674,13.802121400993666,-0.032120943229992704,0.032120943229992704,-0.23326755382845737
15.220000267028809,13.827874878964368,1.392125388064441,1.392125388064441,9.146684386597627
15.699999809265137,14.305126897511238,1.3948729117538985,1.3948729117538985,8.884540947132583
14.680000305175785,15.027415146892162,-0.34741484171637715,0.34741484171637715,-2.3665860660363047
15.600000381469723,15.030033958281576,0.5699664231881467,0.5699664231881467,3.6536308285298165
16.04999923706055,15.442746924306208,0.6072523127543423,0.6072523127543423,3.783503686107069
15.909999847412111,15.806961802728887,0.10303804468322397,0.10303804468322397,0.6476307081799497
14.72000026702881,15.725077664933618,-1.0050773979048078,1.0050773979048078,-6.827971329294547
14.569999694824219,15.261999892377185,-0.6920001975529662,0.6920001975529662,-4.749486699020243
13.630000114440916,14.80017629130186,-1.1701761768609433,1.1701761768609433,-8.58529836416617
14.689999580383299,14.063819706017672,0.6261798743656275,0.6261798743656275,4.262626904372511
14.409999847412108,14.136031379120901,0.2739684682912067,0.2739684682912067,1.901238523194077
15.039999961853027,14.223692270306907,0.81630769154612,0.81630769154612,5.427577750110217
14.680000305175785,14.602510983678311,0.0774893214974739,0.0774893214974739,0.527856402497166
15.569999694824219,14.472381649813213,1.0976180450110053,1.0976180450110053,7.04957011255354
15.949999809265135,14.92598974604447,1.0240100632206648,1.0240100632206648,6.4201258649911175
16.329999923706055,15.230498736630102,1.099501187075953,1.099501187075953,6.733014036820791
15.199999809265138,15.746691931170073,-0.5466921219049343,0.5466921219049343,-3.5966587418751077
15.819999694824217,15.595759652443483,0.22424004238073358,0.22424004238073358,1.4174465657802606
14.420000076293945,15.592643494600978,-1.1726434183070324,1.1726434183070324,-8.132062497245222
13.899999618530275,14.936416091542368,-1.0364164730120926,1.0364164730120926,-7.456233823419908
13.430000305175781,14.352582968405171,-0.9225826632293899,0.9225826632293899,-6.8695654673502595
13.119999885559084,14.095298681189298,-0.9752987956302146,0.9752987956302146,-7.433679909583734
14.1899995803833,13.824250314954673,0.3657492654286276,0.3657492654286276,2.577514279382015
14.199999809265137,13.82155806687708,0.3784417423880573,0.3784417423880573,2.6650827286711207
13.630000114440916,13.908932817461704,-0.27893270302078754,0.27893270302078754,-2.046461487005123
13.47000026702881,13.905383341227422,-0.43538307419861155,0.43538307419861155,-3.2322425060697317
13.649999618530272,13.915069407966069,-0.2650697894357972,0.2650697894357972,-1.9419032735792696
14.050000190734862,13.760450531028297,0.2895496597065641,0.2895496597065641,2.0608516425323957
14.079999923706053,13.672639018242974,0.40736090546307935,0.40736090546307935,2.8931882647045946
14.64000034332275,13.636218070129042,1.0037822731937087,1.0037822731937087,6.856436131516418
17.030000686645508,13.795267311101739,3.234733375543769,3.234733375543769,18.99432322442808
20.969999313354492,14.835783465442681,6.134215847911811,6.134215847911811,29.252341672731053
20.5,17.315750180537442,3.1842498194625577,3.1842498194625577,15.532925948597843
20.139999389648438,20.435053122370157,-0.2950537327217191,0.2950537327217191,-1.4650136130260802
19.370000839233395,21.50271026698947,-2.132709427756076,2.132709427756076,-11.010373440130849
19.409999847412106,20.65048699451271,-1.2404871471006054,1.2404871471006054,-6.390969381001808
18.370000839233402,19.23484714580652,-0.8648463065731171,0.8648463065731171,-4.707927420046912
18.479999542236328,17.316660552006567,1.1633389902297608,1.1633389902297608,6.295124561940228
21.17000007629395,16.540305975062132,4.6296941012318165,4.6296941012318165,21.869126521242308
17.25,17.518593601884934,-0.268593601884934,0.268593601884934,-1.5570643587532405
25.760000228881832,17.555303555072616,8.204696673809217,8.204696673809217,31.850530283032374
23.850000381469727,21.761272264567484,2.0887281169022422,2.0887281169022422,8.757769742113215
18.75,24.70454371998603,-5.954543719986031,5.954543719986031,-31.757566506592166
16.639999389648434,23.076934364125638,-6.436934974477204,6.436934974477204,-38.68350487128956
15.63000011444092,18.69991131035604,-3.06991119591512,3.06991119591512,-19.6411463431709
14.770000457763674,15.455538909545444,-0.6855384517817704,0.6855384517817704,-4.641424715876872
15.579999923706056,14.506252919440676,1.07374700426538,1.07374700426538,6.891829329418668
14.960000038146974,14.622057800762342,0.3379422373846328,0.3379422373846328,2.2589721692707436
14.760000228881838,14.754328556512593,0.005671672369244263,0.005671672369244263,0.03842596396540793
13.199999809265137,14.953118024121492,-1.7531182148563556,1.7531182148563556,-13.281198789304788
13.539999961853027,14.339977418662833,-0.7999774568098061,0.7999774568098061,-5.9082530211493784
13.550000190734865,13.92781639085677,-0.3778162001219041,0.3778162001219041,-2.7883114007647385
13.03999996185303,13.625903607901945,-0.5859036460489158,0.5859036460489158,-4.493126133151129
12.81999969482422,13.499334218593818,-0.6793345237695974,0.6793345237695974,-5.299021372394128
12.670000076293944,13.333773021978065,-0.663772945684121,0.663772945684121,-5.238934030679808
12.439999580383299,13.246780728533647,-0.806781148150348,0.806781148150348,-6.4853792231839416
11.97000026702881,13.148849231458785,-1.1788489644299744,1.1788489644299744,-9.848362056240688
11.770000457763674,13.074224336197362,-1.3042238784336888,1.3042238784336888,-11.080916123273408
12.739999771118166,12.878611416918764,-0.13861164580059793,0.13861164580059793,-1.0880035187664077
12.02000045776367,12.880475714978022,-0.8604752572143521,0.8604752572143521,-7.158695710852279
12.869999885559082,12.818956312502948,0.05104357305613405,0.05104357305613405,0.39660896278179475
13.050000190734865,12.921717660129081,0.12828253060578376,0.12828253060578376,0.9830078829949809
12.829999923706055,13.01326542281387,-0.1832654991078151,0.1832654991078151,-1.4284138752736428
12.720000267028805,13.067777304734188,-0.3477770377053826,0.3477770377053826,-2.734096150979232
11.86999988555908,13.004785988452637,-1.1347861028935569,1.1347861028935569,-9.560118903405602
12.439999580383299,12.813875717074852,-0.3738761366915533,0.3738761366915533,-3.005435283785062
13.369999885559084,12.691398113275602,0.6786017722834821,0.6786017722834821,5.075555557905717
12.859999656677248,12.805998103652916,0.05400155302433163,0.05400155302433163,0.41991877500784075
12.420000076293945,12.828596588821425,-0.4085965125274793,0.4085965125274793,-3.2898269727660265
11.390000343322752,12.764625941540015,-1.3746255982172624,1.3746255982172624,-12.06870550292055
11.499999999999998,12.460249265782986,-0.9602492657829877,0.9602492657829877,-8.349993615504243
11.659999847412111,12.258625979543773,-0.5986261321316615,0.5986261321316615,-5.134014922517551
12.050000190734865,12.096236745736933,-0.0462365550020678,0.0462365550020678,-0.383705844566033
11.680000305175781,12.071632497679003,-0.3916321925032218,0.3916321925032218,-3.3530152591663636
11.550000190734862,11.979628990286795,-0.4296287995519332,0.4296287995519332,-3.719729804823478
11.8100004196167,11.948253245818908,-0.13825282620220847,0.13825282620220847,-1.1706420092294592
12.640000343322756,11.92627672455593,0.7137236187668261,0.7137236187668261,5.646547463456834
12.189999580383297,12.112872956249127,0.07712662413416993,0.07712662413416993,0.6327040753822962
11.430000305175783,12.266376010622277,-0.8363757054464944,0.8363757054464944,-7.317372555692437
11.340000152587892,12.257952609482722,-0.9179524568948292,0.9179524568948292,-8.094818734948111
12.270000457763674,12.20778365745359,0.06221680031008425,0.06221680031008425,0.5070643682879199
12.380000114440916,12.232532578001868,0.14746753643904853,0.14746753643904853,1.1911755660408425
13.449999809265137,12.234258867356933,1.2157409419082033,1.2157409419082033,9.038966239023518
13.630000114440916,12.486329625084567,1.1436704893563494,1.1436704893563494,8.390832573395478
13.649999618530272,12.7902215818111,0.8597780367191721,0.8597780367191721,6.2987403717726
12.9399995803833,13.036665230739025,-0.09666565035572461,0.09666565035572461,-0.7470297796784104
13.119999885559084,13.042379170019792,0.0776207155392914,0.0776207155392914,0.5916213126246055
13.420000076293942,13.039155581530796,0.38084449476314575,0.38084449476314575,2.8378874262146763
13.479999542236328,13.081509449907477,0.398490092328851,0.398490092328851,2.9561580553491744
11.97999954223633,13.122487230280823,-1.1424876880444934,1.1424876880444934,-9.536625473286312
12.02000045776367,12.962627026644466,-0.9426265688807955,0.9426265688807955,-7.842150856757721
11.9399995803833,12.761405166109963,-0.8214055857266622,0.8214055857266622,-6.879444008324607
12.510000228881838,12.609712594955699,-0.09971236607386125,0.09971236607386125,-0.7970612649842748
17.499999999999996,12.55514566117654,4.944854338823456,4.944854338823456,28.25631050756261
15.159999847412111,13.341010697237886,1.8189891501742252,1.8189891501742252,11.998609290782651
17.850000381469723,13.99276857248899,3.8572318089807336,3.8572318089807336,21.60914132520113
18.139999389648438,15.983403309040481,2.1565960806079563,2.1565960806079563,11.88862267458848
16.299999237060547,17.369741856662575,-1.069742619602028,1.069742619602028,-6.562838464248539
15.369999885559084,16.56473623349084,-1.194736347931757,1.194736347931757,-7.7731708316684776
15.529999732971195,15.577403448485207,-0.04740371551401168,0.04740371551401168,-0.3052396415266545
15.920000076293945,14.640888379131455,1.2791116971624898,1.2791116971624898,8.03462117482764
13.300000190734862,14.31933645490105,-1.0193362641661885,1.0193362641661885,-7.6641823274279774
12.02000045776367,13.850618083126744,-1.8306176253630735,1.8306176253630735,-15.22976335812604
12.289999961853027,13.498330387230636,-1.2083304253776088,1.2083304253776088,-9.831817975005288
14.499999999999996,13.38634997764179,1.1136500223582058,1.1136500223582058,7.680344981780732
